<?xml version="1.0" encoding="UTF-8"?>
<todos>
   <element>
      <completed>false</completed>
      <id>1</id>
      <title>delectus aut autem</title>
      <userId>1</userId>
   </element>
   <element>
      <completed>false</completed>
      <id>2</id>
      <title>quis ut nam facilis et officia qui</title>
      <userId>1</userId>
   </element>
   <element>
      <completed>false</completed>
      <id>3</id>
      <title>fugiat veniam minus</title>
      <userId>1</userId>
   </element>
   <element>
      <completed>true</completed>
      <id>4</id>
      <title>et porro tempora</title>
      <userId>1</userId>
   </element>
   <element>
      <completed>false</completed>
      <id>5</id>
      <title>laboriosam mollitia et enim quasi adipisci quia provident illum</title>
      <userId>1</userId>
   </element>
   <element>
      <completed>false</completed>
      <id>6</id>
      <title>qui ullam ratione quibusdam voluptatem quia omnis</title>
      <userId>1</userId>
   </element>
   <element>
      <completed>false</completed>
      <id>7</id>
      <title>illo expedita consequatur quia in</title>
      <userId>1</userId>
   </element>
   <element>
      <completed>true</completed>
      <id>8</id>
      <title>quo adipisci enim quam ut ab</title>
      <userId>1</userId>
   </element>
   <element>
      <completed>false</completed>
      <id>9</id>
      <title>molestiae perspiciatis ipsa</title>
      <userId>1</userId>
   </element>
   <element>
      <completed>true</completed>
      <id>10</id>
      <title>illo est ratione doloremque quia maiores aut</title>
      <userId>1</userId>
   </element>
   <element>
      <completed>true</completed>
      <id>11</id>
      <title>vero rerum temporibus dolor</title>
      <userId>1</userId>
   </element>
   <element>
      <completed>true</completed>
      <id>12</id>
      <title>ipsa repellendus fugit nisi</title>
      <userId>1</userId>
   </element>
   <element>
      <completed>false</completed>
      <id>13</id>
      <title>et doloremque nulla</title>
      <userId>1</userId>
   </element>
   <element>
      <completed>true</completed>
      <id>14</id>
      <title>repellendus sunt dolores architecto voluptatum</title>
      <userId>1</userId>
   </element>
   <element>
      <completed>true</completed>
      <id>15</id>
      <title>ab voluptatum amet voluptas</title>
      <userId>1</userId>
   </element>
   <element>
      <completed>true</completed>
      <id>16</id>
      <title>accusamus eos facilis sint et aut voluptatem</title>
      <userId>1</userId>
   </element>
   <element>
      <completed>true</completed>
      <id>17</id>
      <title>quo laboriosam deleniti aut qui</title>
      <userId>1</userId>
   </element>
   <element>
      <completed>false</completed>
      <id>18</id>
      <title>dolorum est consequatur ea mollitia in culpa</title>
      <userId>1</userId>
   </element>
   <element>
      <completed>true</completed>
      <id>19</id>
      <title>molestiae ipsa aut voluptatibus pariatur dolor nihil</title>
      <userId>1</userId>
   </element>
   <element>
      <completed>true</completed>
      <id>20</id>
      <title>ullam nobis libero sapiente ad optio sint</title>
      <userId>1</userId>
   </element>
   <element>
      <completed>false</completed>
      <id>21</id>
      <title>suscipit repellat esse quibusdam voluptatem incidunt</title>
      <userId>2</userId>
   </element>
   <element>
      <completed>true</completed>
      <id>22</id>
      <title>distinctio vitae autem nihil ut molestias quo</title>
      <userId>2</userId>
   </element>
   <element>
      <completed>false</completed>
      <id>23</id>
      <title>et itaque necessitatibus maxime molestiae qui quas velit</title>
      <userId>2</userId>
   </element>
   <element>
      <completed>false</completed>
      <id>24</id>
      <title>adipisci non ad dicta qui amet quaerat doloribus ea</title>
      <userId>2</userId>
   </element>
   <element>
      <completed>true</completed>
      <id>25</id>
      <title>voluptas quo tenetur perspiciatis explicabo natus</title>
      <userId>2</userId>
   </element>
   <element>
      <completed>true</completed>
      <id>26</id>
      <title>aliquam aut quasi</title>
      <userId>2</userId>
   </element>
   <element>
      <completed>true</completed>
      <id>27</id>
      <title>veritatis pariatur delectus</title>
      <userId>2</userId>
   </element>
   <element>
      <completed>false</completed>
      <id>28</id>
      <title>nesciunt totam sit blanditiis sit</title>
      <userId>2</userId>
   </element>
   <element>
      <completed>false</completed>
      <id>29</id>
      <title>laborum aut in quam</title>
      <userId>2</userId>
   </element>
   <element>
      <completed>true</completed>
      <id>30</id>
      <title>nemo perspiciatis repellat ut dolor libero commodi blanditiis omnis</title>
      <userId>2</userId>
   </element>
   <element>
      <completed>false</completed>
      <id>31</id>
      <title>repudiandae totam in est sint facere fuga</title>
      <userId>2</userId>
   </element>
   <element>
      <completed>false</completed>
      <id>32</id>
      <title>earum doloribus ea doloremque quis</title>
      <userId>2</userId>
   </element>
   <element>
      <completed>false</completed>
      <id>33</id>
      <title>sint sit aut vero</title>
      <userId>2</userId>
   </element>
   <element>
      <completed>false</completed>
      <id>34</id>
      <title>porro aut necessitatibus eaque distinctio</title>
      <userId>2</userId>
   </element>
   <element>
      <completed>true</completed>
      <id>35</id>
      <title>repellendus veritatis molestias dicta incidunt</title>
      <userId>2</userId>
   </element>
   <element>
      <completed>true</completed>
      <id>36</id>
      <title>excepturi deleniti adipisci voluptatem et neque optio illum ad</title>
      <userId>2</userId>
   </element>
   <element>
      <completed>false</completed>
      <id>37</id>
      <title>sunt cum tempora</title>
      <userId>2</userId>
   </element>
   <element>
      <completed>false</completed>
      <id>38</id>
      <title>totam quia non</title>
      <userId>2</userId>
   </element>
   <element>
      <completed>false</completed>
      <id>39</id>
      <title>doloremque quibusdam asperiores libero corrupti illum qui omnis</title>
      <userId>2</userId>
   </element>
   <element>
      <completed>true</completed>
      <id>40</id>
      <title>totam atque quo nesciunt</title>
      <userId>2</userId>
   </element>
   <element>
      <completed>false</completed>
      <id>41</id>
      <title>aliquid amet impedit consequatur aspernatur placeat eaque fugiat suscipit</title>
      <userId>3</userId>
   </element>
   <element>
      <completed>false</completed>
      <id>42</id>
      <title>rerum perferendis error quia ut eveniet</title>
      <userId>3</userId>
   </element>
   <element>
      <completed>true</completed>
      <id>43</id>
      <title>tempore ut sint quis recusandae</title>
      <userId>3</userId>
   </element>
   <element>
      <completed>true</completed>
      <id>44</id>
      <title>cum debitis quis accusamus doloremque ipsa natus sapiente omnis</title>
      <userId>3</userId>
   </element>
   <element>
      <completed>false</completed>
      <id>45</id>
      <title>velit soluta adipisci molestias reiciendis harum</title>
      <userId>3</userId>
   </element>
   <element>
      <completed>false</completed>
      <id>46</id>
      <title>vel voluptatem repellat nihil placeat corporis</title>
      <userId>3</userId>
   </element>
   <element>
      <completed>false</completed>
      <id>47</id>
      <title>nam qui rerum fugiat accusamus</title>
      <userId>3</userId>
   </element>
   <element>
      <completed>false</completed>
      <id>48</id>
      <title>sit reprehenderit omnis quia</title>
      <userId>3</userId>
   </element>
   <element>
      <completed>false</completed>
      <id>49</id>
      <title>ut necessitatibus aut maiores debitis officia blanditiis velit et</title>
      <userId>3</userId>
   </element>
   <element>
      <completed>true</completed>
      <id>50</id>
      <title>cupiditate necessitatibus ullam aut quis dolor voluptate</title>
      <userId>3</userId>
   </element>
   <element>
      <completed>false</completed>
      <id>51</id>
      <title>distinctio exercitationem ab doloribus</title>
      <userId>3</userId>
   </element>
   <element>
      <completed>false</completed>
      <id>52</id>
      <title>nesciunt dolorum quis recusandae ad pariatur ratione</title>
      <userId>3</userId>
   </element>
   <element>
      <completed>false</completed>
      <id>53</id>
      <title>qui labore est occaecati recusandae aliquid quam</title>
      <userId>3</userId>
   </element>
   <element>
      <completed>true</completed>
      <id>54</id>
      <title>quis et est ut voluptate quam dolor</title>
      <userId>3</userId>
   </element>
   <element>
      <completed>true</completed>
      <id>55</id>
      <title>voluptatum omnis minima qui occaecati provident nulla voluptatem ratione</title>
      <userId>3</userId>
   </element>
   <element>
      <completed>true</completed>
      <id>56</id>
      <title>deleniti ea temporibus enim</title>
      <userId>3</userId>
   </element>
   <element>
      <completed>false</completed>
      <id>57</id>
      <title>pariatur et magnam ea doloribus similique voluptatem rerum quia</title>
      <userId>3</userId>
   </element>
   <element>
      <completed>false</completed>
      <id>58</id>
      <title>est dicta totam qui explicabo doloribus qui dignissimos</title>
      <userId>3</userId>
   </element>
   <element>
      <completed>false</completed>
      <id>59</id>
      <title>perspiciatis velit id laborum placeat iusto et aliquam odio</title>
      <userId>3</userId>
   </element>
   <element>
      <completed>true</completed>
      <id>60</id>
      <title>et sequi qui architecto ut adipisci</title>
      <userId>3</userId>
   </element>
   <element>
      <completed>true</completed>
      <id>61</id>
      <title>odit optio omnis qui sunt</title>
      <userId>4</userId>
   </element>
   <element>
      <completed>false</completed>
      <id>62</id>
      <title>et placeat et tempore aspernatur sint numquam</title>
      <userId>4</userId>
   </element>
   <element>
      <completed>true</completed>
      <id>63</id>
      <title>doloremque aut dolores quidem fuga qui nulla</title>
      <userId>4</userId>
   </element>
   <element>
      <completed>false</completed>
      <id>64</id>
      <title>voluptas consequatur qui ut quia magnam nemo esse</title>
      <userId>4</userId>
   </element>
   <element>
      <completed>false</completed>
      <id>65</id>
      <title>fugiat pariatur ratione ut asperiores necessitatibus magni</title>
      <userId>4</userId>
   </element>
   <element>
      <completed>false</completed>
      <id>66</id>
      <title>rerum eum molestias autem voluptatum sit optio</title>
      <userId>4</userId>
   </element>
   <element>
      <completed>false</completed>
      <id>67</id>
      <title>quia voluptatibus voluptatem quos similique maiores repellat</title>
      <userId>4</userId>
   </element>
   <element>
      <completed>false</completed>
      <id>68</id>
      <title>aut id perspiciatis voluptatem iusto</title>
      <userId>4</userId>
   </element>
   <element>
      <completed>false</completed>
      <id>69</id>
      <title>doloribus sint dolorum ab adipisci itaque dignissimos aliquam suscipit</title>
      <userId>4</userId>
   </element>
   <element>
      <completed>false</completed>
      <id>70</id>
      <title>ut sequi accusantium et mollitia delectus sunt</title>
      <userId>4</userId>
   </element>
   <element>
      <completed>false</completed>
      <id>71</id>
      <title>aut velit saepe ullam</title>
      <userId>4</userId>
   </element>
   <element>
      <completed>false</completed>
      <id>72</id>
      <title>praesentium facilis facere quis harum voluptatibus voluptatem eum</title>
      <userId>4</userId>
   </element>
   <element>
      <completed>true</completed>
      <id>73</id>
      <title>sint amet quia totam corporis qui exercitationem commodi</title>
      <userId>4</userId>
   </element>
   <element>
      <completed>false</completed>
      <id>74</id>
      <title>expedita tempore nobis eveniet laborum maiores</title>
      <userId>4</userId>
   </element>
   <element>
      <completed>false</completed>
      <id>75</id>
      <title>occaecati adipisci est possimus totam</title>
      <userId>4</userId>
   </element>
   <element>
      <completed>true</completed>
      <id>76</id>
      <title>sequi dolorem sed</title>
      <userId>4</userId>
   </element>
   <element>
      <completed>false</completed>
      <id>77</id>
      <title>maiores aut nesciunt delectus exercitationem vel assumenda eligendi at</title>
      <userId>4</userId>
   </element>
   <element>
      <completed>false</completed>
      <id>78</id>
      <title>reiciendis est magnam amet nemo iste recusandae impedit quaerat</title>
      <userId>4</userId>
   </element>
   <element>
      <completed>true</completed>
      <id>79</id>
      <title>eum ipsa maxime ut</title>
      <userId>4</userId>
   </element>
   <element>
      <completed>true</completed>
      <id>80</id>
      <title>tempore molestias dolores rerum sequi voluptates ipsum consequatur</title>
      <userId>4</userId>
   </element>
   <element>
      <completed>true</completed>
      <id>81</id>
      <title>suscipit qui totam</title>
      <userId>5</userId>
   </element>
   <element>
      <completed>false</completed>
      <id>82</id>
      <title>voluptates eum voluptas et dicta</title>
      <userId>5</userId>
   </element>
   <element>
      <completed>true</completed>
      <id>83</id>
      <title>quidem at rerum quis ex aut sit quam</title>
      <userId>5</userId>
   </element>
   <element>
      <completed>false</completed>
      <id>84</id>
      <title>sunt veritatis ut voluptate</title>
      <userId>5</userId>
   </element>
   <element>
      <completed>true</completed>
      <id>85</id>
      <title>et quia ad iste a</title>
      <userId>5</userId>
   </element>
   <element>
      <completed>true</completed>
      <id>86</id>
      <title>incidunt ut saepe autem</title>
      <userId>5</userId>
   </element>
   <element>
      <completed>true</completed>
      <id>87</id>
      <title>laudantium quae eligendi consequatur quia et vero autem</title>
      <userId>5</userId>
   </element>
   <element>
      <completed>false</completed>
      <id>88</id>
      <title>vitae aut excepturi laboriosam sint aliquam et et accusantium</title>
      <userId>5</userId>
   </element>
   <element>
      <completed>true</completed>
      <id>89</id>
      <title>sequi ut omnis et</title>
      <userId>5</userId>
   </element>
   <element>
      <completed>true</completed>
      <id>90</id>
      <title>molestiae nisi accusantium tenetur dolorem et</title>
      <userId>5</userId>
   </element>
   <element>
      <completed>true</completed>
      <id>91</id>
      <title>nulla quis consequatur saepe qui id expedita</title>
      <userId>5</userId>
   </element>
   <element>
      <completed>true</completed>
      <id>92</id>
      <title>in omnis laboriosam</title>
      <userId>5</userId>
   </element>
   <element>
      <completed>true</completed>
      <id>93</id>
      <title>odio iure consequatur molestiae quibusdam necessitatibus quia sint</title>
      <userId>5</userId>
   </element>
   <element>
      <completed>false</completed>
      <id>94</id>
      <title>facilis modi saepe mollitia</title>
      <userId>5</userId>
   </element>
   <element>
      <completed>true</completed>
      <id>95</id>
      <title>vel nihil et molestiae iusto assumenda nemo quo ut</title>
      <userId>5</userId>
   </element>
   <element>
      <completed>false</completed>
      <id>96</id>
      <title>nobis suscipit ducimus enim asperiores voluptas</title>
      <userId>5</userId>
   </element>
   <element>
      <completed>false</completed>
      <id>97</id>
      <title>dolorum laboriosam eos qui iure aliquam</title>
      <userId>5</userId>
   </element>
   <element>
      <completed>true</completed>
      <id>98</id>
      <title>debitis accusantium ut quo facilis nihil quis sapiente necessitatibus</title>
      <userId>5</userId>
   </element>
   <element>
      <completed>false</completed>
      <id>99</id>
      <title>neque voluptates ratione</title>
      <userId>5</userId>
   </element>
   <element>
      <completed>false</completed>
      <id>100</id>
      <title>excepturi a et neque qui expedita vel voluptate</title>
      <userId>5</userId>
   </element>
   <element>
      <completed>false</completed>
      <id>101</id>
      <title>explicabo enim cumque porro aperiam occaecati minima</title>
      <userId>6</userId>
   </element>
   <element>
      <completed>false</completed>
      <id>102</id>
      <title>sed ab consequatur</title>
      <userId>6</userId>
   </element>
   <element>
      <completed>false</completed>
      <id>103</id>
      <title>non sunt delectus illo nulla tenetur enim omnis</title>
      <userId>6</userId>
   </element>
   <element>
      <completed>false</completed>
      <id>104</id>
      <title>excepturi non laudantium quo</title>
      <userId>6</userId>
   </element>
   <element>
      <completed>true</completed>
      <id>105</id>
      <title>totam quia dolorem et illum repellat voluptas optio</title>
      <userId>6</userId>
   </element>
   <element>
      <completed>true</completed>
      <id>106</id>
      <title>ad illo quis voluptatem temporibus</title>
      <userId>6</userId>
   </element>
   <element>
      <completed>false</completed>
      <id>107</id>
      <title>praesentium facilis omnis laudantium fugit ad iusto nihil nesciunt</title>
      <userId>6</userId>
   </element>
   <element>
      <completed>true</completed>
      <id>108</id>
      <title>a eos eaque nihil et exercitationem incidunt delectus</title>
      <userId>6</userId>
   </element>
   <element>
      <completed>true</completed>
      <id>109</id>
      <title>autem temporibus harum quisquam in culpa</title>
      <userId>6</userId>
   </element>
   <element>
      <completed>true</completed>
      <id>110</id>
      <title>aut aut ea corporis</title>
      <userId>6</userId>
   </element>
   <element>
      <completed>false</completed>
      <id>111</id>
      <title>magni accusantium labore et id quis provident</title>
      <userId>6</userId>
   </element>
   <element>
      <completed>false</completed>
      <id>112</id>
      <title>consectetur impedit quisquam qui deserunt non rerum consequuntur eius</title>
      <userId>6</userId>
   </element>
   <element>
      <completed>false</completed>
      <id>113</id>
      <title>quia atque aliquam sunt impedit voluptatum rerum assumenda nisi</title>
      <userId>6</userId>
   </element>
   <element>
      <completed>false</completed>
      <id>114</id>
      <title>cupiditate quos possimus corporis quisquam exercitationem beatae</title>
      <userId>6</userId>
   </element>
   <element>
      <completed>false</completed>
      <id>115</id>
      <title>sed et ea eum</title>
      <userId>6</userId>
   </element>
   <element>
      <completed>true</completed>
      <id>116</id>
      <title>ipsa dolores vel facilis ut</title>
      <userId>6</userId>
   </element>
   <element>
      <completed>false</completed>
      <id>117</id>
      <title>sequi quae est et qui qui eveniet asperiores</title>
      <userId>6</userId>
   </element>
   <element>
      <completed>false</completed>
      <id>118</id>
      <title>quia modi consequatur vero fugiat</title>
      <userId>6</userId>
   </element>
   <element>
      <completed>false</completed>
      <id>119</id>
      <title>corporis ducimus ea perspiciatis iste</title>
      <userId>6</userId>
   </element>
   <element>
      <completed>false</completed>
      <id>120</id>
      <title>dolorem laboriosam vel voluptas et aliquam quasi</title>
      <userId>6</userId>
   </element>
   <element>
      <completed>true</completed>
      <id>121</id>
      <title>inventore aut nihil minima laudantium hic qui omnis</title>
      <userId>7</userId>
   </element>
   <element>
      <completed>true</completed>
      <id>122</id>
      <title>provident aut nobis culpa</title>
      <userId>7</userId>
   </element>
   <element>
      <completed>false</completed>
      <id>123</id>
      <title>esse et quis iste est earum aut impedit</title>
      <userId>7</userId>
   </element>
   <element>
      <completed>false</completed>
      <id>124</id>
      <title>qui consectetur id</title>
      <userId>7</userId>
   </element>
   <element>
      <completed>false</completed>
      <id>125</id>
      <title>aut quasi autem iste tempore illum possimus</title>
      <userId>7</userId>
   </element>
   <element>
      <completed>true</completed>
      <id>126</id>
      <title>ut asperiores perspiciatis veniam ipsum rerum saepe</title>
      <userId>7</userId>
   </element>
   <element>
      <completed>true</completed>
      <id>127</id>
      <title>voluptatem libero consectetur rerum ut</title>
      <userId>7</userId>
   </element>
   <element>
      <completed>false</completed>
      <id>128</id>
      <title>eius omnis est qui voluptatem autem</title>
      <userId>7</userId>
   </element>
   <element>
      <completed>false</completed>
      <id>129</id>
      <title>rerum culpa quis harum</title>
      <userId>7</userId>
   </element>
   <element>
      <completed>true</completed>
      <id>130</id>
      <title>nulla aliquid eveniet harum laborum libero alias ut unde</title>
      <userId>7</userId>
   </element>
   <element>
      <completed>false</completed>
      <id>131</id>
      <title>qui ea incidunt quis</title>
      <userId>7</userId>
   </element>
   <element>
      <completed>true</completed>
      <id>132</id>
      <title>qui molestiae voluptatibus velit iure harum quisquam</title>
      <userId>7</userId>
   </element>
   <element>
      <completed>true</completed>
      <id>133</id>
      <title>et labore eos enim rerum consequatur sunt</title>
      <userId>7</userId>
   </element>
   <element>
      <completed>false</completed>
      <id>134</id>
      <title>molestiae doloribus et laborum quod ea</title>
      <userId>7</userId>
   </element>
   <element>
      <completed>false</completed>
      <id>135</id>
      <title>facere ipsa nam eum voluptates reiciendis vero qui</title>
      <userId>7</userId>
   </element>
   <element>
      <completed>false</completed>
      <id>136</id>
      <title>asperiores illo tempora fuga sed ut quasi adipisci</title>
      <userId>7</userId>
   </element>
   <element>
      <completed>false</completed>
      <id>137</id>
      <title>qui sit non</title>
      <userId>7</userId>
   </element>
   <element>
      <completed>true</completed>
      <id>138</id>
      <title>placeat minima consequatur rem qui ut</title>
      <userId>7</userId>
   </element>
   <element>
      <completed>false</completed>
      <id>139</id>
      <title>consequatur doloribus id possimus voluptas a voluptatem</title>
      <userId>7</userId>
   </element>
   <element>
      <completed>true</completed>
      <id>140</id>
      <title>aut consectetur in blanditiis deserunt quia sed laboriosam</title>
      <userId>7</userId>
   </element>
   <element>
      <completed>true</completed>
      <id>141</id>
      <title>explicabo consectetur debitis voluptates quas quae culpa rerum non</title>
      <userId>8</userId>
   </element>
   <element>
      <completed>true</completed>
      <id>142</id>
      <title>maiores accusantium architecto necessitatibus reiciendis ea aut</title>
      <userId>8</userId>
   </element>
   <element>
      <completed>false</completed>
      <id>143</id>
      <title>eum non recusandae cupiditate animi</title>
      <userId>8</userId>
   </element>
   <element>
      <completed>false</completed>
      <id>144</id>
      <title>ut eum exercitationem sint</title>
      <userId>8</userId>
   </element>
   <element>
      <completed>false</completed>
      <id>145</id>
      <title>beatae qui ullam incidunt voluptatem non nisi aliquam</title>
      <userId>8</userId>
   </element>
   <element>
      <completed>true</completed>
      <id>146</id>
      <title>molestiae suscipit ratione nihil odio libero impedit vero totam</title>
      <userId>8</userId>
   </element>
   <element>
      <completed>true</completed>
      <id>147</id>
      <title>eum itaque quod reprehenderit et facilis dolor autem ut</title>
      <userId>8</userId>
   </element>
   <element>
      <completed>false</completed>
      <id>148</id>
      <title>esse quas et quo quasi exercitationem</title>
      <userId>8</userId>
   </element>
   <element>
      <completed>false</completed>
      <id>149</id>
      <title>animi voluptas quod perferendis est</title>
      <userId>8</userId>
   </element>
   <element>
      <completed>false</completed>
      <id>150</id>
      <title>eos amet tempore laudantium fugit a</title>
      <userId>8</userId>
   </element>
   <element>
      <completed>true</completed>
      <id>151</id>
      <title>accusamus adipisci dicta qui quo ea explicabo sed vero</title>
      <userId>8</userId>
   </element>
   <element>
      <completed>false</completed>
      <id>152</id>
      <title>odit eligendi recusandae doloremque cumque non</title>
      <userId>8</userId>
   </element>
   <element>
      <completed>false</completed>
      <id>153</id>
      <title>ea aperiam consequatur qui repellat eos</title>
      <userId>8</userId>
   </element>
   <element>
      <completed>true</completed>
      <id>154</id>
      <title>rerum non ex sapiente</title>
      <userId>8</userId>
   </element>
   <element>
      <completed>true</completed>
      <id>155</id>
      <title>voluptatem nobis consequatur et assumenda magnam</title>
      <userId>8</userId>
   </element>
   <element>
      <completed>true</completed>
      <id>156</id>
      <title>nam quia quia nulla repellat assumenda quibusdam sit nobis</title>
      <userId>8</userId>
   </element>
   <element>
      <completed>true</completed>
      <id>157</id>
      <title>dolorem veniam quisquam deserunt repellendus</title>
      <userId>8</userId>
   </element>
   <element>
      <completed>true</completed>
      <id>158</id>
      <title>debitis vitae delectus et harum accusamus aut deleniti a</title>
      <userId>8</userId>
   </element>
   <element>
      <completed>true</completed>
      <id>159</id>
      <title>debitis adipisci quibusdam aliquam sed dolore ea praesentium nobis</title>
      <userId>8</userId>
   </element>
   <element>
      <completed>false</completed>
      <id>160</id>
      <title>et praesentium aliquam est</title>
      <userId>8</userId>
   </element>
   <element>
      <completed>true</completed>
      <id>161</id>
      <title>ex hic consequuntur earum omnis alias ut occaecati culpa</title>
      <userId>9</userId>
   </element>
   <element>
      <completed>true</completed>
      <id>162</id>
      <title>omnis laboriosam molestias animi sunt dolore</title>
      <userId>9</userId>
   </element>
   <element>
      <completed>false</completed>
      <id>163</id>
      <title>natus corrupti maxime laudantium et voluptatem laboriosam odit</title>
      <userId>9</userId>
   </element>
   <element>
      <completed>false</completed>
      <id>164</id>
      <title>reprehenderit quos aut aut consequatur est sed</title>
      <userId>9</userId>
   </element>
   <element>
      <completed>false</completed>
      <id>165</id>
      <title>fugiat perferendis sed aut quidem</title>
      <userId>9</userId>
   </element>
   <element>
      <completed>false</completed>
      <id>166</id>
      <title>quos quo possimus suscipit minima ut</title>
      <userId>9</userId>
   </element>
   <element>
      <completed>false</completed>
      <id>167</id>
      <title>et quis minus quo a asperiores molestiae</title>
      <userId>9</userId>
   </element>
   <element>
      <completed>false</completed>
      <id>168</id>
      <title>recusandae quia qui sunt libero</title>
      <userId>9</userId>
   </element>
   <element>
      <completed>true</completed>
      <id>169</id>
      <title>ea odio perferendis officiis</title>
      <userId>9</userId>
   </element>
   <element>
      <completed>false</completed>
      <id>170</id>
      <title>quisquam aliquam quia doloribus aut</title>
      <userId>9</userId>
   </element>
   <element>
      <completed>true</completed>
      <id>171</id>
      <title>fugiat aut voluptatibus corrupti deleniti velit iste odio</title>
      <userId>9</userId>
   </element>
   <element>
      <completed>false</completed>
      <id>172</id>
      <title>et provident amet rerum consectetur et voluptatum</title>
      <userId>9</userId>
   </element>
   <element>
      <completed>false</completed>
      <id>173</id>
      <title>harum ad aperiam quis</title>
      <userId>9</userId>
   </element>
   <element>
      <completed>false</completed>
      <id>174</id>
      <title>similique aut quo</title>
      <userId>9</userId>
   </element>
   <element>
      <completed>true</completed>
      <id>175</id>
      <title>laudantium eius officia perferendis provident perspiciatis asperiores</title>
      <userId>9</userId>
   </element>
   <element>
      <completed>false</completed>
      <id>176</id>
      <title>magni soluta corrupti ut maiores rem quidem</title>
      <userId>9</userId>
   </element>
   <element>
      <completed>false</completed>
      <id>177</id>
      <title>et placeat temporibus voluptas est tempora quos quibusdam</title>
      <userId>9</userId>
   </element>
   <element>
      <completed>true</completed>
      <id>178</id>
      <title>nesciunt itaque commodi tempore</title>
      <userId>9</userId>
   </element>
   <element>
      <completed>true</completed>
      <id>179</id>
      <title>omnis consequuntur cupiditate impedit itaque ipsam quo</title>
      <userId>9</userId>
   </element>
   <element>
      <completed>true</completed>
      <id>180</id>
      <title>debitis nisi et dolorem repellat et</title>
      <userId>9</userId>
   </element>
   <element>
      <completed>false</completed>
      <id>181</id>
      <title>ut cupiditate sequi aliquam fuga maiores</title>
      <userId>10</userId>
   </element>
   <element>
      <completed>true</completed>
      <id>182</id>
      <title>inventore saepe cumque et aut illum enim</title>
      <userId>10</userId>
   </element>
   <element>
      <completed>true</completed>
      <id>183</id>
      <title>omnis nulla eum aliquam distinctio</title>
      <userId>10</userId>
   </element>
   <element>
      <completed>false</completed>
      <id>184</id>
      <title>molestias modi perferendis perspiciatis</title>
      <userId>10</userId>
   </element>
   <element>
      <completed>false</completed>
      <id>185</id>
      <title>voluptates dignissimos sed doloribus animi quaerat aut</title>
      <userId>10</userId>
   </element>
   <element>
      <completed>false</completed>
      <id>186</id>
      <title>explicabo odio est et</title>
      <userId>10</userId>
   </element>
   <element>
      <completed>false</completed>
      <id>187</id>
      <title>consequuntur animi possimus</title>
      <userId>10</userId>
   </element>
   <element>
      <completed>true</completed>
      <id>188</id>
      <title>vel non beatae est</title>
      <userId>10</userId>
   </element>
   <element>
      <completed>true</completed>
      <id>189</id>
      <title>culpa eius et voluptatem et</title>
      <userId>10</userId>
   </element>
   <element>
      <completed>true</completed>
      <id>190</id>
      <title>accusamus sint iusto et voluptatem exercitationem</title>
      <userId>10</userId>
   </element>
   <element>
      <completed>true</completed>
      <id>191</id>
      <title>temporibus atque distinctio omnis eius impedit tempore molestias pariatur</title>
      <userId>10</userId>
   </element>
   <element>
      <completed>false</completed>
      <id>192</id>
      <title>ut quas possimus exercitationem sint voluptates</title>
      <userId>10</userId>
   </element>
   <element>
      <completed>true</completed>
      <id>193</id>
      <title>rerum debitis voluptatem qui eveniet tempora distinctio a</title>
      <userId>10</userId>
   </element>
   <element>
      <completed>false</completed>
      <id>194</id>
      <title>sed ut vero sit molestiae</title>
      <userId>10</userId>
   </element>
   <element>
      <completed>true</completed>
      <id>195</id>
      <title>rerum ex veniam mollitia voluptatibus pariatur</title>
      <userId>10</userId>
   </element>
   <element>
      <completed>true</completed>
      <id>196</id>
      <title>consequuntur aut ut fugit similique</title>
      <userId>10</userId>
   </element>
   <element>
      <completed>true</completed>
      <id>197</id>
      <title>dignissimos quo nobis earum saepe</title>
      <userId>10</userId>
   </element>
   <element>
      <completed>true</completed>
      <id>198</id>
      <title>quis eius est sint explicabo</title>
      <userId>10</userId>
   </element>
   <element>
      <completed>true</completed>
      <id>199</id>
      <title>numquam repellendus a magnam</title>
      <userId>10</userId>
   </element>
   <element>
      <completed>false</completed>
      <id>200</id>
      <title>ipsam aperiam voluptates qui</title>
      <userId>10</userId>
   </element>
</todos>
